{
  "best_global_step": null,
  "best_metric": null,
  "best_model_checkpoint": null,
  "epoch": 0.43103448275862066,
  "eval_steps": 500,
  "global_step": 100,
  "is_hyper_param_search": false,
  "is_local_process_zero": true,
  "is_world_process_zero": true,
  "log_history": [
    {
      "entropy": 1.369248046875,
      "epoch": 0.10775862068965517,
      "grad_norm": 1.765625,
      "learning_rate": 6.857142857142858e-05,
      "loss": 2.1979,
      "mean_token_accuracy": 0.5960101020336152,
      "num_tokens": 27326.0,
      "step": 25
    },
    {
      "entropy": 1.63541015625,
      "epoch": 0.21551724137931033,
      "grad_norm": 2.40625,
      "learning_rate": 0.00014,
      "loss": 1.6669,
      "mean_token_accuracy": 0.7114438968896866,
      "num_tokens": 43278.0,
      "step": 50
    },
    {
      "entropy": 0.78109619140625,
      "epoch": 0.3232758620689655,
      "grad_norm": 1.515625,
      "learning_rate": 0.00019999844036286483,
      "loss": 0.7222,
      "mean_token_accuracy": 0.8465966373682022,
      "num_tokens": 71413.0,
      "step": 75
    },
    {
      "entropy": 0.355390625,
      "epoch": 0.43103448275862066,
      "grad_norm": 0.49609375,
      "learning_rate": 0.00019991803256020393,
      "loss": 0.3142,
      "mean_token_accuracy": 0.9506770759820938,
      "num_tokens": 87627.0,
      "step": 100
    }
  ],
  "logging_steps": 25,
  "max_steps": 2320,
  "num_input_tokens_seen": 0,
  "num_train_epochs": 10,
  "save_steps": 25,
  "stateful_callbacks": {
    "TrainerControl": {
      "args": {
        "should_epoch_stop": false,
        "should_evaluate": false,
        "should_log": false,
        "should_save": true,
        "should_training_stop": false
      },
      "attributes": {}
    }
  },
  "total_flos": 512539110936576.0,
  "train_batch_size": 1,
  "trial_name": null,
  "trial_params": null
}
